name,speed,t,target,m,s,i,lra
test1,1200,0.110646,-23,-120.7,-120.7,-70.0,0.0
test1,1200,0.221312,-23,-120.7,-120.7,-70.0,0.0
test1,1200,0.331979,-23,-120.7,-120.7,-70.0,0.0
test1,1200,0.431979,-23,-37.3,-120.7,-37.3,0.0
test1,1200,0.553312,-23,-36.1,-120.7,-36.7,0.0
test1,1200,0.663979,-23,-35.9,-120.7,-36.4,0.0
test1,1200,0.785312,-23,-35.7,-120.7,-36.2,0.0
test1,1200,0.885312,-23,-35.6,-120.7,-36.1,0.0
test1,1200,1.00665,-23,-35.4,-120.7,-36.0,0.0
test1,1200,1.11731,-23,-35.3,-120.7,-35.9,0.0
test1,1200,1.22798,-23,-35.3,-120.7,-35.8,0.0
test1,1200,1.33865,-23,-35.3,-120.7,-35.7,0.0
test1,1200,1.44931,-23,-35.5,-120.7,-35.7,0.0
test1,1200,1.57065,-23,-35.7,-120.7,-35.7,0.0
test1,1200,1.68131,-23,-35.8,-120.7,-35.7,0.0
test1,1200,1.79198,-23,-35.9,-120.7,-35.7,0.0
test1,1200,1.91331,-23,-35.9,-120.7,-35.7,0.0
test1,1200,2.03465,-23,-35.8,-120.7,-35.7,0.0
test1,1200,2.14531,-23,-35.6,-120.7,-35.7,0.0
test1,1200,2.25598,-23,-35.4,-120.7,-35.7,0.0
test1,1200,2.37731,-23,-35.3,-120.7,-35.7,0.0
test1,1200,2.49865,-23,-35.3,-120.7,-35.7,0.0
test1,1200,2.59865,-23,-35.4,-120.7,-35.7,0.0
test1,1200,2.71998,-23,-35.5,-120.7,-35.6,0.0
test1,1200,2.83065,-23,-35.6,-120.7,-35.6,0.0
test1,1200,2.95198,-23,-35.6,-120.7,-35.6,0.0
test1,1200,3.07331,-23,-35.7,-120.7,-35.6,0.0
test1,1200,3.18398,-23,-35.8,-120.7,-35.6,0.0
test1,1200,3.30531,-23,-35.8,-120.7,-35.7,0.0
test1,1200,3.41598,-23,-35.8,-35.8,-35.7,20.0
test1,1200,3.53731,-23,-35.8,-35.6,-35.7,20.1
test1,1200,3.64798,-23,-35.7,-35.6,-35.7,20.1
test1,1200,3.76931,-23,-35.8,-35.6,-35.7,20.1
test1,1200,3.87998,-23,-35.8,-35.6,-35.7,0.2
test1,1200,4.00131,-23,-35.8,-35.6,-35.7,0.2
test1,1200,4.11198,-23,-35.7,-35.6,-35.7,0.2
test1,1200,4.22265,-23,-35.7,-35.6,-35.7,0.2
test1,1200,4.34398,-23,-35.7,-35.6,-35.7,0.2
test1,1200,4.45465,-23,-35.7,-35.7,-35.7,0.2
test1,1200,4.56531,-23,-36.0,-35.7,-35.7,0.2
test1,1200,4.68665,-23,-36.2,-35.7,-35.7,0.2
test1,1200,4.79731,-23,-36.3,-35.8,-35.7,0.2
test1,1200,4.91865,-23,-36.4,-35.8,-35.7,0.2
test1,1200,5.02931,-23,-36.4,-35.8,-35.7,0.2
test1,1200,5.13998,-23,-36.3,-35.8,-35.8,0.2
test1,1200,5.26131,-23,-36.3,-35.8,-35.8,0.2
test1,1200,5.38265,-23,-36.3,-35.8,-35.8,0.2
test1,1200,5.49331,-23,-36.3,-35.8,-35.8,0.2
test1,1200,5.61465,-23,-36.3,-35.9,-35.8,0.2
test1,1200,5.72531,-23,-36.1,-35.9,-35.8,0.3
test1,1200,5.83598,-23,-35.9,-35.9,-35.8,0.3
test1,1200,5.94665,-23,-35.8,-35.9,-35.8,0.3
test1,1200,6.05731,-23,-35.8,-35.9,-35.8,0.3
test1,1200,6.16798,-23,-35.8,-35.9,-35.8,0.3
test1,1200,6.27865,-23,-35.9,-36.0,-35.8,0.3
test1,1200,6.39998,-23,-36.0,-36.0,-35.8,0.3
test1,1200,6.51065,-23,-36.0,-36.0,-35.8,0.4
test1,1200,6.62131,-23,-36.1,-36.0,-35.8,0.4
test1,1200,6.73198,-23,-36.1,-36.0,-35.8,0.4
test1,1200,6.85331,-23,-36.2,-36.0,-35.8,0.4
test1,1200,6.96398,-23,-36.3,-36.0,-35.8,0.4
test1,1200,7.08531,-23,-36.3,-36.1,-35.9,0.4
test1,1200,7.19598,-23,-36.2,-36.1,-35.9,0.4
test1,1200,7.30665,-23,-36.0,-36.1,-35.9,0.4
test1,1200,7.42798,-23,-35.9,-36.1,-35.9,0.5
test1,1200,7.53865,-23,-35.9,-36.1,-35.9,0.5
test1,1200,7.64931,-23,-36.1,-36.1,-35.9,0.5
test1,1200,7.77065,-23,-36.2,-36.1,-35.9,0.5
test1,1200,7.88131,-23,-36.3,-36.1,-35.9,0.5
test1,1200,8.00265,-23,-36.3,-36.1,-35.9,0.5
test1,1200,8.12398,-23,-36.3,-36.1,-35.9,0.5
test1,1200,8.23465,-23,-36.4,-36.1,-35.9,0.5
test1,1200,8.35598,-23,-36.3,-36.1,-35.9,0.5
test1,1200,8.46665,-23,-36.1,-36.1,-35.9,0.5
test1,1200,8.58798,-23,-36.0,-36.1,-35.9,0.5
test1,1200,8.69865,-23,-35.9,-36.1,-35.9,0.5
test1,1200,8.81998,-23,-35.9,-36.1,-35.9,0.5
test1,1200,8.93065,-23,-36.0,-36.1,-35.9,0.5
test1,1200,9.04131,-23,-36.0,-36.1,-35.9,0.5
test1,1200,9.16265,-23,-36.0,-36.1,-35.9,0.5
test1,1200,9.27331,-23,-36.0,-36.1,-35.9,0.5
test1,1200,9.38398,-23,-36.0,-36.1,-35.9,0.5
test1,1200,9.50531,-23,-36.0,-36.1,-35.9,0.5
test1,1200,9.62665,-23,-36.0,-36.1,-35.9,0.5
test1,1200,9.73731,-23,-35.9,-36.1,-35.9,0.5
test1,1200,9.85865,-23,-35.6,-36.0,-35.9,0.5
test1,1200,9.96931,-23,-35.5,-36.0,-35.9,0.5
test1,1200,10.08,-23,-35.3,-36.0,-35.9,0.5
test1,1200,10.2013,-23,-35.2,-35.9,-35.9,0.5
test1,1200,10.3226,-23,-35.1,-35.9,-35.9,0.5
test1,1200,10.4333,-23,-35.1,-35.8,-35.9,0.5
test1,1200,10.544,-23,-35.0,-35.8,-35.9,0.5
test1,1200,10.644,-23,-34.8,-35.7,-35.8,0.5
test1,1200,10.7653,-23,-34.8,-35.7,-35.8,0.5
test1,1200,10.8866,-23,-34.8,-35.7,-35.8,0.5
test1,1200,10.9973,-23,-35.9,-35.8,-35.8,0.5
test1,1200,11.1186,-23,-37.5,-35.9,-35.8,0.5
test1,1200,11.2293,-23,-40.0,-36.0,-35.9,0.5
test1,1200,11.3506,-23,-45.1,-36.1,-35.9,0.5
test1,1200,11.4613,-23,-45.6,-36.3,-35.9,0.5
test1,1200,11.5826,-23,-45.8,-36.4,-36.0,0.5
test1,1200,11.6933,-23,-45.7,-36.5,-36.0,0.5
test1,1200,11.8146,-23,-45.6,-36.7,-36.1,0.5
test1,1200,11.9253,-23,-45.8,-36.8,-36.1,0.5
test1,1200,12.0466,-23,-46.0,-37.0,-36.1,0.5
test1,1200,12.1573,-23,-46.2,-37.2,-36.1,0.5
test1,1200,12.268,-23,-46.6,-37.4,-36.1,0.7
test1,1200,12.3786,-23,-46.6,-37.5,-36.2,0.8
test1,1200,12.4893,-23,-46.6,-37.7,-36.2,0.9
test1,1200,12.6106,-23,-46.4,-37.9,-36.2,1.1
test1,1200,12.7213,-23,-46.3,-38.1,-36.2,1.2
test1,1200,12.832,-23,-46.2,-38.3,-36.3,1.4
test1,1200,12.9426,-23,-46.0,-38.6,-36.3,1.6
test1,1200,13.0533,-23,-46.1,-38.8,-36.4,1.6
test1,1200,13.1746,-23,-46.0,-39.1,-36.4,1.7
test1,1200,13.2853,-23,-45.7,-39.4,-36.4,1.9
test1,1200,13.4066,-23,-45.4,-39.8,-36.5,2.1
test1,1200,13.5173,-23,-45.4,-40.2,-36.5,2.3
test1,1200,13.628,-23,-45.1,-40.6,-36.6,2.5
test1,1200,13.7386,-23,-45.2,-41.2,-36.7,2.7
test1,1200,13.86,-23,-45.6,-41.7,-36.7,3.0
test1,1200,13.9706,-23,-45.5,-42.4,-36.7,3.2
test1,1200,14.092,-23,-45.3,-43.3,-36.8,3.5
test1,1200,14.2026,-23,-44.7,-44.3,-36.8,3.5
test1,1200,14.324,-23,-44.2,-45.5,-36.8,3.8
test1,1200,14.4453,-23,-43.8,-45.5,-36.9,4.2
test1,1200,14.556,-23,-43.4,-45.4,-36.9,4.6
test1,1200,14.6666,-23,-43.4,-45.3,-36.9,5.0
test1,1200,14.7773,-23,-43.3,-45.2,-36.9,5.5
test1,1200,14.888,-23,-43.1,-45.1,-37.0,6.1
test1,1200,15.0093,-23,-43.0,-44.9,-37.0,6.8
test1,1200,15.12,-23,-42.9,-44.8,-37.0,7.7
test1,1200,15.2413,-23,-42.9,-44.8,-37.0,8.7
test1,1200,15.3626,-23,-43.1,-44.7,-37.1,8.7
test1,1200,15.4733,-23,-43.5,-44.6,-37.1,9.0
test1,1200,15.584,-23,-43.8,-44.5,-37.1,9.0
test1,1200,15.6946,-23,-43.8,-44.4,-37.1,9.0
test1,1200,15.8053,-23,-43.6,-44.3,-37.2,9.0
test1,1200,15.916,-23,-43.3,-44.2,-37.2,9.0
test1,1200,16.016,-23,-43.0,-44.1,-37.2,9.0
test1,1200,16.116,-23,-42.8,-44.0,-37.2,9.0
test1,1200,16.2373,-23,-42.8,-43.9,-37.3,9.0
test1,1200,16.3586,-23,-42.7,-43.8,-37.3,9.0
test1,1200,16.4693,-23,-42.3,-43.6,-37.3,8.9
test1,1200,16.5906,-23,-42.1,-43.5,-37.3,8.9
test1,1200,16.7013,-23,-42.0,-43.4,-37.3,8.9
test1,1200,16.8226,-23,-42.1,-43.3,-37.4,8.9
test1,1200,16.9226,-23,-42.5,-43.3,-37.4,8.9
test1,1200,17.044,-23,-43.0,-43.2,-37.4,8.9
test1,1200,17.1546,-23,-43.2,-43.2,-37.4,8.9
test1,1200,17.276,-23,-43.3,-43.1,-37.4,8.9
test1,1200,17.3866,-23,-43.0,-43.0,-37.5,8.9
test1,1200,17.4973,-23,-42.5,-42.9,-37.5,8.9
test1,1200,17.6186,-23,-42.2,-42.9,-37.5,8.8
test1,1200,17.74,-23,-41.8,-42.8,-37.5,8.8
test1,1200,17.8506,-23,-41.8,-42.7,-37.5,8.8
test1,1200,17.972,-23,-41.6,-42.7,-37.6,8.8
test1,1200,18.0826,-23,-41.4,-42.6,-37.6,8.8
test1,1200,18.204,-23,-41.2,-42.5,-37.6,8.8
test1,1200,18.3146,-23,-41.0,-42.4,-37.6,8.8
test1,1200,18.4253,-23,-41.0,-42.4,-37.6,8.8
test1,1200,18.5466,-23,-41.1,-42.3,-37.6,8.8
test1,1200,18.6573,-23,-41.5,-42.3,-37.7,8.8
test1,1200,18.7786,-23,-41.8,-42.2,-37.7,8.7
test1,1200,18.9,-23,-42.1,-42.2,-37.7,8.7
test1,1200,19.0106,-23,-41.8,-42.1,-37.7,8.7
test1,1200,19.132,-23,-41.5,-42.0,-37.7,8.7
test1,1200,19.2426,-23,-41.1,-41.9,-37.7,8.7
test1,1200,19.364,-23,-41.1,-41.9,-37.7,8.7
test1,1200,19.4746,-23,-41.0,-41.8,-37.8,8.7
test1,1200,19.596,-23,-40.9,-41.8,-37.8,8.7
test1,1200,19.7066,-23,-40.6,-41.6,-37.8,8.7
test1,1200,19.828,-23,-40.3,-41.6,-37.8,8.7
test1,1200,19.9493,-23,-40.2,-41.5,-37.8,8.7
test1,1200,20.06,-23,-40.1,-41.5,-37.8,8.7
test1,1200,20.1813,-23,-40.4,-41.4,-37.8,8.7
test1,1200,20.3026,-23,-40.8,-41.4,-37.8,8.7
test1,1200,20.4026,-23,-41.0,-41.3,-37.9,8.7
test1,1200,20.5133,-23,-41.3,-41.3,-37.9,8.7
test1,1200,20.6346,-23,-41.0,-41.2,-37.9,8.7
test1,1200,20.7453,-23,-40.5,-41.1,-37.9,8.7
test1,1200,20.8666,-23,-40.4,-41.0,-37.9,8.7
test1,1200,20.9773,-23,-40.1,-40.9,-37.9,8.7
test1,1200,21.0986,-23,-39.7,-40.8,-37.9,8.5
test1,1200,21.2093,-23,-39.7,-40.8,-37.9,8.5
test1,1200,21.3306,-23,-39.3,-40.7,-37.9,8.5
test1,1200,21.4413,-23,-39.1,-40.6,-37.9,8.5
test1,1200,21.5626,-23,-39.3,-40.5,-37.9,8.5
test1,1200,21.6733,-23,-39.2,-40.5,-38.0,8.5
test1,1200,21.7946,-23,-39.5,-40.4,-38.0,8.5
test1,1200,21.916,-23,-39.7,-40.4,-38.0,8.5
test1,1200,22.0266,-23,-39.7,-40.3,-38.0,8.5
test1,1200,22.148,-23,-39.6,-40.2,-38.0,8.5
test1,1200,22.2586,-23,-39.2,-40.1,-38.0,8.5
test1,1200,22.38,-23,-39.1,-40.0,-38.0,8.5
test1,1200,22.4906,-23,-39.0,-40.0,-38.0,8.5
test1,1200,22.6013,-23,-38.9,-39.9,-38.0,8.5
test1,1200,22.712,-23,-38.9,-39.8,-38.0,8.5
test1,1200,22.8226,-23,-38.8,-39.7,-38.0,8.5
test1,1200,22.944,-23,-38.0,-39.5,-38.0,8.4
test1,1200,23.0546,-23,-37.4,-39.3,-38.0,8.4
test1,1200,23.176,-23,-36.9,-39.2,-38.0,8.4
test1,1200,23.2866,-23,-36.4,-39.0,-38.0,8.4
test1,1200,23.408,-23,-36.3,-38.9,-38.0,8.3
test1,1200,23.508,-23,-36.4,-38.7,-38.0,8.3
test1,1200,23.6293,-23,-36.4,-38.6,-38.0,8.3
test1,1200,23.7506,-23,-36.6,-38.4,-38.0,8.3
test1,1200,23.8613,-23,-36.8,-38.3,-37.9,8.3
test1,1200,23.972,-23,-36.9,-38.2,-37.9,8.3
test1,1200,24.0933,-23,-36.9,-38.1,-37.9,8.3
test1,1200,24.204,-23,-36.8,-38.0,-37.9,8.3
test1,1200,24.3146,-23,-36.8,-37.9,-37.9,8.3
test1,1200,24.436,-23,-36.8,-37.8,-37.9,8.3
test1,1200,24.5466,-23,-36.9,-37.7,-37.9,8.2
test1,1200,24.6466,-23,-37.0,-37.7,-37.9,8.2
test1,1200,24.7786,-23,-37.0,-37.6,-37.9,8.2
test1,1200,24.8893,-23,-37.0,-37.5,-37.9,8.2
test1,1200,25,-23,-37.4,-37.5,-37.9,8.2
test1,1200,25.1213,-23,-37.6,-37.5,-37.9,8.2
test1,1200,25.2426,-23,-37.7,-37.4,-37.9,8.2
test1,1200,25.3533,-23,-37.9,-37.4,-37.9,8.2
test1,1200,25.4746,-23,-37.9,-37.3,-37.9,8.2
test1,1200,25.596,-23,-37.9,-37.3,-37.9,8.2
test1,1200,25.7066,-23,-37.8,-37.3,-37.9,8.1
test1,1200,25.8173,-23,-37.8,-37.2,-37.9,8.1
test1,1200,25.9386,-23,-37.7,-37.2,-37.9,8.1
test1,1200,26.0493,-23,-37.7,-37.2,-37.9,8.1
test1,1200,26.1493,-23,-37.9,-37.2,-37.9,8.1
test1,1200,26.2493,-23,-38.2,-37.2,-37.9,8.1
test1,1200,26.36,-23,-38.2,-37.2,-37.9,8.1
test1,1200,26.4706,-23,-38.2,-37.3,-37.9,8.1
test1,1200,26.592,-23,-38.4,-37.4,-37.9,8.1
test1,1200,26.7026,-23,-38.3,-37.4,-37.9,8.1
test1,1200,26.8133,-23,-38.5,-37.5,-37.9,7.9
test1,1200,26.924,-23,-38.6,-37.6,-37.9,7.9
test1,1200,27.0346,-23,-38.4,-37.6,-37.9,7.9
test1,1200,27.156,-23,-38.5,-37.7,-37.9,7.9
test1,1200,27.2666,-23,-38.4,-37.7,-37.9,7.9
test1,1200,27.3773,-23,-38.2,-37.8,-37.9,7.9
test1,1200,27.488,-23,-37.9,-37.8,-37.9,7.9
test1,1200,27.5986,-23,-37.8,-37.8,-37.9,7.9
test1,1200,27.72,-23,-37.7,-37.9,-37.9,7.9
test1,1200,27.8306,-23,-37.7,-37.9,-37.9,7.9
test1,1200,27.9413,-23,-38.0,-38.0,-37.9,7.8
test1,1200,28.052,-23,-38.1,-38.0,-37.9,7.8
test1,1200,28.1733,-23,-38.4,-38.1,-37.9,7.8
test1,1200,28.2946,-23,-39.0,-38.2,-37.9,7.8
test1,1200,28.4053,-23,-39.3,-38.2,-37.9,7.8
test1,1200,28.5266,-23,-39.6,-38.2,-37.9,7.8
test1,1200,28.648,-23,-39.7,-38.3,-37.9,7.8
test1,1200,28.7586,-23,-39.5,-38.4,-37.9,7.8
test1,1200,28.88,-23,-39.4,-38.4,-37.9,7.8
test1,1200,29.0013,-23,-39.2,-38.4,-37.9,7.8
test1,1200,29.112,-23,-39.1,-38.5,-38.0,7.7
test1,1200,29.2333,-23,-39.0,-38.5,-38.0,7.7
test1,1200,29.3546,-23,-39.0,-38.6,-38.0,7.7
test1,1200,29.4546,-23,-39.1,-38.6,-38.0,7.7
test1,1200,29.5653,-23,-39.0,-38.6,-38.0,7.7
test1,1200,29.676,-23,-39.2,-38.6,-38.0,7.7
test1,1200,29.7973,-23,-39.3,-38.7,-38.0,7.7
test1,1200,29.908,-23,-39.4,-38.8,-38.0,7.7
test1,1200,30.0293,-23,-39.6,-38.8,-38.0,7.7
test1,1200,30.14,-23,-39.5,-38.8,-38.0,7.7
test1,1200,30.2506,-23,-39.6,-38.8,-38.0,7.6
test1,1200,30.372,-23,-39.6,-38.9,-38.0,7.6
test1,1200,30.4826,-23,-39.7,-38.9,-38.0,7.6
test1,1200,30.604,-23,-39.5,-38.9,-38.0,7.6
test1,1200,30.7146,-23,-39.4,-39.0,-38.0,7.6
test1,1200,30.836,-23,-39.2,-39.0,-38.0,7.6
test1,1200,30.9573,-23,-39.0,-39.1,-38.0,7.6
test1,1200,31.068,-23,-38.9,-39.1,-38.0,7.6
test1,1200,31.1893,-23,-38.3,-39.1,-38.0,7.6
test1,1200,31.3,-23,-38.2,-39.1,-38.0,7.6
test1,1200,31.4213,-23,-38.1,-39.1,-38.0,7.6
test1,1200,31.5426,-23,-38.2,-39.1,-38.0,7.6
test1,1200,31.6533,-23,-38.7,-39.1,-38.0,7.6
test1,1200,31.764,-23,-38.9,-39.1,-38.0,7.6
test1,1200,31.8746,-23,-38.8,-39.1,-38.0,7.6
test1,1200,31.996,-23,-38.8,-39.0,-38.0,7.6
test1,1200,32.1066,-23,-38.7,-39.0,-38.0,7.6
test1,1200,32.228,-23,-38.5,-39.0,-38.0,7.6
test1,1200,32.3386,-23,-38.5,-38.9,-38.0,7.6
test1,1200,32.4493,-23,-38.5,-38.9,-38.0,7.6
test1,1200,32.56,-23,-38.2,-38.9,-38.0,7.5
test1,1200,32.6813,-23,-38.2,-38.9,-38.0,7.5
test1,1200,32.8026,-23,-38.0,-38.8,-38.0,7.5
test1,1200,32.9133,-23,-38.0,-38.8,-38.0,7.5
test1,1200,33.0346,-23,-38.2,-38.8,-38.0,7.5
test1,1200,33.156,-23,-38.6,-38.8,-38.1,7.5
test1,1200,33.256,-23,-38.9,-38.8,-38.1,7.5
test1,1200,33.3666,-23,-39.1,-38.7,-38.1,7.5
test1,1200,33.488,-23,-39.0,-38.7,-38.1,7.5
test1,1200,33.5986,-23,-38.7,-38.7,-38.1,7.5
test1,1200,33.72,-23,-38.5,-38.6,-38.1,7.5
test1,1200,33.8306,-23,-38.3,-38.6,-38.1,7.5
test1,1200,33.952,-23,-38.1,-38.5,-38.1,7.5
test1,1200,34.0626,-23,-38.0,-38.5,-38.1,7.5
test1,1200,34.184,-23,-37.8,-38.4,-38.1,7.5
test1,1200,34.2946,-23,-37.6,-38.3,-38.1,7.5
test1,1200,34.416,-23,-37.3,-38.3,-38.1,7.5
test1,1200,34.5266,-23,-37.1,-38.2,-38.1,7.5
test1,1200,34.648,-23,-37.2,-38.2,-38.1,7.5
test1,1200,34.7586,-23,-37.3,-38.2,-38.0,7.5
test1,1200,34.8586,-23,-37.6,-38.2,-38.0,7.4
test1,1200,34.98,-23,-38.5,-38.2,-38.0,7.4
test1,1200,35.0906,-23,-39.3,-38.3,-38.1,7.4
test1,1200,35.212,-23,-40.4,-38.4,-38.1,7.4
test1,1200,35.3226,-23,-41.5,-38.4,-38.1,7.4
test1,1200,35.444,-23,-41.3,-38.5,-38.1,7.4
test1,1200,35.5546,-23,-40.8,-38.5,-38.1,7.4
test1,1200,35.676,-23,-40.5,-38.6,-38.1,7.4
test1,1200,35.7866,-23,-40.5,-38.6,-38.1,7.4
test1,1200,35.8973,-23,-40.6,-38.7,-38.1,7.4
test1,1200,36.008,-23,-40.9,-38.8,-38.1,7.4
test1,1200,36.1293,-23,-41.1,-38.9,-38.1,7.4
test1,1200,36.24,-23,-41.3,-39.0,-38.1,7.4
test1,1200,36.3506,-23,-41.5,-39.1,-38.1,7.4
test1,1200,36.4613,-23,-41.8,-39.2,-38.1,7.4
test1,1200,36.572,-23,-42.1,-39.2,-38.1,7.4
test1,1200,36.704,-23,-42.3,-39.3,-38.2,7.3
test1,1200,36.8253,-23,-42.5,-39.4,-38.2,7.3
test1,1200,36.936,-23,-42.3,-39.5,-38.2,7.3
test1,1200,37.0573,-23,-42.2,-39.6,-38.2,7.3
test1,1200,37.168,-23,-42.0,-39.7,-38.2,7.2
test1,1200,37.268,-23,-41.9,-39.9,-38.2,7.2
test1,1200,37.3786,-23,-42.0,-40.0,-38.2,7.2
test1,1200,37.4893,-23,-41.9,-40.2,-38.2,7.2
test1,1200,37.6,-23,-41.8,-40.3,-38.2,7.2
test1,1200,37.7106,-23,-41.5,-40.5,-38.2,7.2
test1,1200,37.8106,-23,-41.2,-40.7,-38.2,7.2
test1,1200,37.932,-23,-41.2,-41.0,-38.2,7.2
test1,1200,38.0426,-23,-41.6,-41.1,-38.2,7.2
test1,1200,38.1533,-23,-42.0,-41.4,-38.3,7.2
test1,1200,38.2746,-23,-42.3,-41.6,-38.3,7.2
test1,1200,38.396,-23,-42.7,-41.6,-38.3,7.2
test1,1200,38.5066,-23,-42.8,-41.6,-38.3,7.2
test1,1200,38.628,-23,-42.7,-41.7,-38.3,7.2
test1,1200,38.7386,-23,-42.4,-41.7,-38.3,7.2
test1,1200,38.86,-23,-41.8,-41.7,-38.3,7.2
test1,1200,38.9706,-23,-41.2,-41.7,-38.3,7.2
test1,1200,39.0813,-23,-40.5,-41.7,-38.3,7.2
test1,1200,39.2026,-23,-40.3,-41.7,-38.3,7.2
test1,1200,39.3133,-23,-40.3,-41.6,-38.3,7.2
test1,1200,39.4346,-23,-40.2,-41.6,-38.3,7.1
test1,1200,39.556,-23,-40.4,-41.6,-38.3,7.1
test1,1200,39.6666,-23,-40.5,-41.5,-38.3,7.1
test1,1200,39.7773,-23,-40.6,-41.5,-38.3,7.1
test1,1200,39.8986,-23,-40.9,-41.5,-38.3,7.1
test1,1200,40.0093,-23,-41.2,-41.5,-38.4,7.1
test1,1200,40.1306,-23,-41.5,-41.5,-38.4,7.1
test1,1200,40.252,-23,-41.5,-41.4,-38.4,7.1
test1,1200,40.3626,-23,-41.3,-41.4,-38.4,7.1
test1,1200,40.484,-23,-41.1,-41.3,-38.4,7.1
test1,1200,40.6053,-23,-41.1,-41.3,-38.4,7.0
test1,1200,40.716,-23,-41.3,-41.3,-38.4,7.0
test1,1200,40.8373,-23,-41.4,-41.3,-38.4,7.0
test1,1200,40.948,-23,-41.5,-41.3,-38.4,7.0
test1,1200,41.0693,-23,-41.5,-41.3,-38.4,7.0
test1,1200,41.18,-23,-41.5,-41.3,-38.4,7.0
test1,1200,41.3013,-23,-41.6,-41.3,-38.4,7.0
test1,1200,41.412,-23,-41.7,-41.3,-38.4,7.0
test1,1200,41.5333,-23,-41.7,-41.3,-38.4,7.0
test1,1200,41.6546,-23,-41.9,-41.3,-38.4,7.0
test1,1200,41.7653,-23,-41.9,-41.3,-38.4,7.0
test1,1200,41.876,-23,-42.0,-41.3,-38.5,7.0
test1,1200,41.9866,-23,-42.2,-41.3,-38.5,7.0
test1,1200,42.0973,-23,-42.4,-41.3,-38.5,7.0
test1,1200,42.208,-23,-42.3,-41.3,-38.5,7.0
test1,1200,42.3293,-23,-42.1,-41.3,-38.5,7.0
test1,1200,42.44,-23,-42.0,-41.4,-38.5,7.0
test1,1200,42.5613,-23,-41.8,-41.4,-38.5,7.0
test1,1200,42.6613,-23,-41.6,-41.5,-38.5,7.0
test1,1200,42.7826,-23,-41.8,-41.5,-38.5,7.0
test1,1200,42.904,-23,-42.1,-41.6,-38.5,6.9
test1,1200,43.0146,-23,-42.2,-41.7,-38.5,6.9
test1,1200,43.136,-23,-42.6,-41.8,-38.5,6.9
test1,1200,43.2466,-23,-42.8,-41.8,-38.5,6.9
test1,1200,43.368,-23,-42.8,-41.9,-38.5,6.9
test1,1200,43.4893,-23,-42.8,-41.9,-38.5,6.9
test1,1200,43.5893,-23,-42.7,-41.9,-38.6,6.9
test1,1200,43.7106,-23,-42.4,-42.0,-38.6,6.9
test1,1200,43.8213,-23,-42.3,-42.0,-38.6,6.9
test1,1200,43.9426,-23,-42.2,-42.0,-38.6,6.9
test1,1200,44.0533,-23,-42.0,-42.0,-38.6,6.8
test1,1200,44.1746,-23,-41.9,-42.0,-38.6,6.8
test1,1200,44.2853,-23,-41.8,-42.1,-38.6,6.8
test1,1200,44.4066,-23,-41.7,-42.1,-38.6,6.8
test1,1200,44.528,-23,-41.9,-42.1,-38.6,6.8
test1,1200,44.628,-23,-42.2,-42.1,-38.6,6.8
test1,1200,44.7493,-23,-42.4,-42.2,-38.6,6.8
test1,1200,44.8706,-23,-42.5,-42.2,-38.6,6.8
test1,1200,44.9813,-23,-42.2,-42.2,-38.6,6.8
test1,1200,45.092,-23,-42.0,-42.2,-38.6,6.8
test1,1200,45.2133,-23,-41.8,-42.2,-38.6,6.7
test1,1200,45.3133,-23,-41.7,-42.1,-38.6,6.7
test1,1200,45.4346,-23,-41.8,-42.1,-38.7,6.7
test1,1200,45.5453,-23,-41.6,-42.1,-38.7,6.7
test1,1200,45.6666,-23,-41.4,-42.0,-38.7,6.7
test1,1200,45.788,-23,-41.1,-42.0,-38.7,6.7
test1,1200,45.8986,-23,-40.9,-42.0,-38.7,6.7
test1,1200,46.02,-23,-40.8,-41.9,-38.7,6.7
test1,1200,46.1306,-23,-40.8,-41.9,-38.7,6.7
test1,1200,46.252,-23,-40.9,-41.8,-38.7,6.7
test1,1200,46.3733,-23,-41.1,-41.8,-38.7,6.6
test1,1200,46.484,-23,-41.4,-41.8,-38.7,6.6
test1,1200,46.6053,-23,-41.5,-41.8,-38.7,6.6
test1,1200,46.716,-23,-41.8,-41.7,-38.7,6.6
test1,1200,46.8373,-23,-41.9,-41.7,-38.7,6.6
test1,1200,46.948,-23,-42.3,-41.8,-38.7,6.6
test1,1200,47.0693,-23,-43.9,-41.9,-38.7,6.6
test1,1800,0.110646,-23,-120.7,-120.7,-70.0,0.0
test1,1800,0.221312,-23,-120.7,-120.7,-70.0,0.0
test1,1800,0.331979,-23,-120.7,-120.7,-70.0,0.0
test1,1800,0.453313,-23,-24.3,-120.7,-24.4,0.0
test1,1800,0.563979,-23,-23.6,-120.7,-24.0,0.0
test1,1800,0.674646,-23,-24.4,-120.7,-24.1,0.0
test1,1800,0.795979,-23,-25.0,-120.7,-24.3,0.0
test1,1800,0.906646,-23,-25.3,-120.7,-24.5,0.0
test1,1800,1.01731,-23,-25.4,-120.7,-24.6,0.0
test1,1800,1.12798,-23,-25.4,-120.7,-24.7,0.0
test1,1800,1.23865,-23,-25.3,-120.7,-24.8,0.0
test1,1800,1.34931,-23,-25.3,-120.7,-24.9,0.0
test1,1800,1.47065,-23,-25.5,-120.7,-24.9,0.0
test1,1800,1.58131,-23,-25.6,-120.7,-25.0,0.0
test1,1800,1.69198,-23,-25.7,-120.7,-25.0,0.0
test1,1800,1.80265,-23,-25.8,-120.7,-25.1,0.0
test1,1800,1.90265,-23,-25.7,-120.7,-25.1,0.0
test1,1800,2.02398,-23,-25.6,-120.7,-25.2,0.0
test1,1800,2.14531,-23,-25.3,-120.7,-25.2,0.0
test1,1800,2.25598,-23,-25.2,-120.7,-25.2,0.0
test1,1800,2.36665,-23,-25.1,-120.7,-25.2,0.0
test1,1800,2.48798,-23,-24.9,-120.7,-25.2,0.0
test1,1800,2.59865,-23,-25.0,-120.7,-25.1,0.0
test1,1800,2.69865,-23,-25.0,-120.7,-25.1,0.0
test1,1800,2.81998,-23,-25.0,-120.7,-25.1,0.0
test1,1800,2.93065,-23,-25.0,-120.7,-25.1,0.0
test1,1800,3.05198,-23,-25.0,-120.7,-25.1,0.0
test1,1800,3.16265,-23,-24.9,-120.7,-25.1,0.0
test1,1800,3.27331,-23,-24.7,-120.7,-25.1,0.0
test1,1800,3.39465,-23,-24.6,-25.0,-25.1,20.0
test1,1800,3.51598,-23,-24.5,-24.9,-25.1,20.1
test1,1800,3.62665,-23,-24.4,-25.0,-25.0,20.1
test1,1800,3.74798,-23,-24.5,-25.1,-25.0,20.1
test1,1800,3.85865,-23,-24.5,-25.1,-25.0,0.2
test1,1800,3.96931,-23,-24.4,-25.0,-25.0,0.2
test1,1800,4.09065,-23,-24.2,-25.0,-25.0,0.2
test1,1800,4.21198,-23,-24.2,-24.9,-24.9,0.2
test1,1800,4.32265,-23,-24.2,-24.9,-24.9,0.2
test1,1800,4.43331,-23,-24.4,-24.9,-24.9,0.2
test1,1800,4.54398,-23,-24.5,-24.9,-24.9,0.2
test1,1800,4.65465,-23,-24.3,-24.8,-24.9,0.2
test1,1800,4.76531,-23,-24.2,-24.8,-24.8,0.3
test1,1800,4.87598,-23,-24.2,-24.7,-24.8,0.3
test1,1800,4.98665,-23,-24.3,-24.7,-24.8,0.3
test1,1800,5.10798,-23,-24.2,-24.6,-24.8,0.4
test1,1800,5.22931,-23,-24.0,-24.5,-24.8,0.4
test1,1800,5.33998,-23,-23.6,-24.4,-24.7,0.5
test1,1800,5.46131,-23,-23.3,-24.4,-24.7,0.6
test1,1800,5.57198,-23,-23.0,-24.3,-24.7,0.7
test1,1800,5.68265,-23,-23.0,-24.2,-24.6,0.8
test1,1800,5.80398,-23,-23.2,-24.2,-24.6,0.8
test1,1800,5.92531,-23,-23.4,-24.2,-24.6,0.9
test1,1800,6.04665,-23,-23.5,-24.1,-24.5,0.9
test1,1800,6.15731,-23,-23.5,-24.0,-24.5,0.9
test1,1800,6.26798,-23,-23.2,-23.9,-24.5,1.0
test1,1800,6.38931,-23,-22.7,-23.8,-24.4,1.1
test1,1800,6.51065,-23,-22.2,-23.7,-24.4,1.2
test1,1800,6.62131,-23,-21.9,-23.6,-24.3,1.4
test1,1800,6.75331,-23,-22.0,-23.5,-24.3,1.4
test1,1800,6.86398,-23,-22.4,-23.5,-24.2,1.4
test1,1800,6.98531,-23,-23.4,-23.6,-24.2,1.5
test1,1800,7.09598,-23,-25.1,-23.7,-24.2,1.5
test1,1800,7.21731,-23,-27.1,-23.8,-24.3,1.5
test1,1800,7.33865,-23,-29.4,-23.8,-24.3,1.5
test1,1800,7.44931,-23,-30.7,-23.9,-24.4,1.5
test1,1800,7.57065,-23,-30.1,-24.1,-24.4,1.5
test1,1800,7.68131,-23,-30.1,-24.2,-24.5,1.5
test1,1800,7.80265,-23,-30.4,-24.3,-24.5,1.5
test1,1800,7.91331,-23,-30.5,-24.4,-24.6,1.5
test1,1800,8.03465,-23,-30.3,-24.5,-24.6,1.5
test1,1800,8.14531,-23,-29.8,-24.6,-24.7,1.5
test1,1800,8.25598,-23,-29.3,-24.7,-24.7,1.5
test1,1800,8.36665,-23,-28.8,-24.8,-24.7,1.5
test1,1800,8.47731,-23,-28.7,-24.9,-24.8,1.5
test1,1800,8.58798,-23,-28.8,-25.0,-24.8,1.5
test1,1800,8.70931,-23,-29.4,-25.2,-24.9,1.5
test1,1800,8.81998,-23,-30.4,-25.4,-24.9,1.5
test1,1800,8.94131,-23,-31.5,-25.7,-24.9,1.5
test1,1800,9.05198,-23,-32.4,-25.9,-25.0,1.5
test1,1800,9.17331,-23,-33.3,-26.2,-25.0,1.6
test1,1800,9.28398,-23,-33.8,-26.4,-25.1,1.8
test1,1800,9.39465,-23,-34.5,-26.7,-25.1,2.1
test1,1800,9.51598,-23,-35.3,-27.0,-25.1,2.3
test1,1800,9.62665,-23,-33.9,-27.3,-25.2,2.3
test1,1800,9.74798,-23,-32.9,-27.7,-25.2,2.6
test1,1800,9.85865,-23,-32.9,-28.2,-25.3,2.8
test1,1800,9.96931,-23,-33.1,-29.0,-25.4,3.1
test1,1800,10.0906,-23,-34.8,-29.7,-25.4,3.4
test1,1800,10.2013,-23,-36.9,-30.5,-25.4,3.7
test1,1800,10.312,-23,-37.2,-31.2,-25.4,4.1
test1,1800,10.4226,-23,-37.4,-31.6,-25.4,4.6
test1,1800,10.5333,-23,-37.7,-31.7,-25.4,5.4
test1,1800,10.6546,-23,-36.7,-31.8,-25.4,6.1
test1,1800,10.7653,-23,-35.1,-31.9,-25.5,6.1
test1,1800,10.8866,-23,-34.1,-32.0,-25.5,6.9
test1,1800,11.008,-23,-33.5,-32.1,-25.5,7.6
test1,1800,11.1186,-23,-33.6,-32.3,-25.6,8.0
test1,1800,11.24,-23,-34.1,-32.4,-25.6,8.1
test1,1800,11.3506,-23,-33.9,-32.5,-25.7,8.2
test1,1800,11.472,-23,-32.8,-32.5,-25.7,8.2
test1,1800,11.5826,-23,-31.7,-32.7,-25.7,8.3
test1,1800,11.6933,-23,-31.1,-32.8,-25.8,8.5
test1,1800,11.8146,-23,-30.7,-33.0,-25.8,8.6
test1,1800,11.9253,-23,-30.7,-33.1,-25.8,8.6
test1,1800,12.0466,-23,-31.0,-33.2,-25.9,8.7
test1,1800,12.1573,-23,-31.4,-33.3,-25.9,8.8
test1,1800,12.268,-23,-32.1,-33.3,-25.9,8.9
test1,1800,12.3786,-23,-33.0,-33.4,-26.0,9.0
test1,1800,12.4893,-23,-33.9,-33.4,-26.0,9.1
test1,1800,12.6106,-23,-32.7,-33.2,-26.0,9.3
test1,1800,12.7213,-23,-30.6,-32.8,-26.1,9.3
test1,1800,12.8426,-23,-29.7,-32.6,-26.1,9.3
test1,1800,12.964,-23,-29.8,-32.6,-26.1,9.3
test1,1800,13.0746,-23,-30.5,-32.7,-26.1,9.1
test1,1800,13.196,-23,-32.7,-32.8,-26.2,9.1
test1,1800,13.3066,-23,-34.4,-32.7,-26.2,9.1
test1,1800,13.4173,-23,-33.4,-32.6,-26.2,9.1
test1,1800,13.5386,-23,-32.2,-32.4,-26.3,9.1
test1,1800,13.6493,-23,-31.7,-32.3,-26.3,9.1
test1,1800,13.76,-23,-31.2,-32.1,-26.3,9.1
test1,1800,13.8706,-23,-31.3,-32.0,-26.3,9.1
test1,1800,13.992,-23,-31.9,-32.0,-26.4,9.1
test1,1800,14.092,-23,-31.8,-31.9,-26.4,9.1
test1,1800,14.192,-23,-31.3,-31.8,-26.4,9.1
test1,1800,14.3026,-23,-30.9,-31.7,-26.4,9.1
test1,1800,14.4026,-23,-29.8,-31.5,-26.5,9.1
test1,1800,14.524,-23,-28.8,-31.1,-26.5,9.1
test1,1800,14.6346,-23,-28.0,-30.8,-26.5,9.1
test1,1800,14.756,-23,-27.3,-30.6,-26.5,9.1
test1,1800,14.8666,-23,-26.7,-30.3,-26.5,9.1
test1,1800,14.988,-23,-26.8,-30.2,-26.5,9.1
test1,1800,15.0986,-23,-26.8,-30.0,-26.5,9.1
test1,1800,15.2093,-23,-27.0,-29.9,-26.5,9.1
test1,1800,15.3093,-23,-27.2,-29.7,-26.5,9.1
test1,1800,15.42,-23,-27.1,-29.5,-26.5,9.1
test1,1800,15.5306,-23,-26.8,-29.3,-26.5,9.1
test1,1800,15.652,-23,-26.4,-29.0,-26.5,9.1
test1,1800,15.7626,-23,-26.3,-28.8,-26.5,9.1
test1,1800,15.884,-23,-26.3,-28.6,-26.5,9.1
test1,1800,15.9946,-23,-26.4,-28.5,-26.5,9.0
test1,1800,16.1053,-23,-26.3,-28.4,-26.5,9.0
test1,1800,16.216,-23,-25.8,-28.2,-26.5,9.0
test1,1800,16.3373,-23,-25.4,-27.9,-26.5,9.0
test1,1800,16.4373,-23,-25.2,-27.7,-26.5,9.0
test1,1800,16.5586,-23,-25.1,-27.5,-26.5,9.0
test1,1800,16.6693,-23,-25.1,-27.3,-26.5,9.0
test1,1800,16.78,-23,-25.1,-27.1,-26.5,9.0
test1,1800,16.8906,-23,-25.0,-26.9,-26.4,9.0
test1,1800,17.0013,-23,-24.9,-26.7,-26.4,9.0
test1,1800,17.1226,-23,-24.8,-26.5,-26.4,9.0
test1,1800,17.2333,-23,-24.6,-26.3,-26.4,9.0
test1,1800,17.344,-23,-24.6,-26.2,-26.4,9.0
test1,1800,17.4546,-23,-24.5,-26.0,-26.4,9.0
test1,1800,17.5653,-23,-24.5,-25.9,-26.4,8.9
test1,1800,17.6866,-23,-24.5,-25.7,-26.3,8.9
test1,1800,17.7973,-23,-24.6,-25.6,-26.3,8.9
test1,1800,17.9186,-23,-24.6,-25.5,-26.3,8.9
test1,1800,18.0293,-23,-24.7,-25.5,-26.3,8.9
test1,1800,18.1506,-23,-24.9,-25.4,-26.3,8.9
test1,1800,18.2613,-23,-25.0,-25.4,-26.3,8.9
test1,1800,18.372,-23,-25.0,-25.3,-26.3,8.9
test1,1800,18.4826,-23,-25.1,-25.3,-26.3,8.9
test1,1800,18.5933,-23,-25.1,-25.2,-26.2,8.9
test1,1800,18.7146,-23,-25.2,-25.2,-26.2,8.8
test1,1800,18.8146,-23,-25.4,-25.1,-26.2,8.8
test1,1800,18.936,-23,-25.5,-25.1,-26.2,8.8
test1,1800,19.0466,-23,-25.6,-25.1,-26.2,8.8
test1,1800,19.168,-23,-25.8,-25.1,-26.2,8.8
test1,1800,19.2893,-23,-25.9,-25.1,-26.2,8.8
test1,1800,19.4,-23,-25.9,-25.1,-26.2,8.8
test1,1800,19.5106,-23,-25.9,-25.1,-26.2,8.8
test1,1800,19.632,-23,-25.9,-25.1,-26.2,8.8
test1,1800,19.7533,-23,-25.9,-25.2,-26.2,8.8
test1,1800,19.864,-23,-26.0,-25.2,-26.2,8.8
test1,1800,19.9746,-23,-26.1,-25.2,-26.2,8.8
test1,1800,20.096,-23,-26.2,-25.2,-26.2,8.8
test1,1800,20.2066,-23,-26.3,-25.3,-26.2,8.8
test1,1800,20.328,-23,-26.4,-25.4,-26.2,8.8
test1,1800,20.4386,-23,-26.4,-25.4,-26.2,8.8
test1,1800,20.56,-23,-26.2,-25.4,-26.2,8.8
test1,1800,20.6706,-23,-26.1,-25.5,-26.2,8.8
test1,1800,20.7813,-23,-26.0,-25.6,-26.2,8.8
test1,1800,20.9026,-23,-26.1,-25.6,-26.2,8.8
test1,1800,21.0133,-23,-26.0,-25.7,-26.2,8.7
test1,1800,21.124,-23,-25.9,-25.7,-26.2,8.7
test1,1800,21.2346,-23,-25.2,-25.7,-26.2,8.7
test1,1800,21.356,-23,-24.3,-25.6,-26.2,8.7
test1,1800,21.4666,-23,-23.5,-25.4,-26.2,8.7
test1,1800,21.5773,-23,-22.9,-25.3,-26.1,8.7
test1,1800,21.688,-23,-22.7,-25.2,-26.1,8.7
test1,1800,21.7986,-23,-22.8,-25.1,-26.1,8.7
test1,1800,21.92,-23,-23.2,-25.1,-26.1,8.7
test1,1800,22.0306,-23,-23.5,-25.0,-26.0,8.7
test1,1800,22.152,-23,-23.8,-25.0,-26.0,8.7
test1,1800,22.2626,-23,-23.9,-24.9,-26.0,8.7
test1,1800,22.384,-23,-23.9,-24.9,-26.0,8.7
test1,1800,22.4946,-23,-23.9,-24.8,-26.0,8.7
test1,1800,22.6053,-23,-24.0,-24.7,-26.0,8.7
test1,1800,22.716,-23,-24.2,-24.7,-26.0,8.7
test1,1800,22.8373,-23,-24.6,-24.7,-26.0,8.6
test1,1800,22.948,-23,-25.2,-24.7,-25.9,8.6
test1,1800,23.0693,-23,-25.9,-24.7,-25.9,8.6
test1,1800,23.18,-23,-26.6,-24.8,-26.0,8.6
test1,1800,23.3013,-23,-27.3,-24.8,-26.0,8.6
test1,1800,23.4013,-23,-28.3,-24.9,-26.0,8.6
test1,1800,23.512,-23,-29.5,-25.0,-26.0,8.6
test1,1800,23.6226,-23,-30.3,-25.0,-26.0,8.6
test1,1800,23.744,-23,-31.1,-25.1,-26.0,8.6
test1,1800,23.8546,-23,-31.2,-25.2,-26.0,8.6
test1,1800,23.9653,-23,-31.1,-25.3,-26.0,8.6
test1,1800,24.0866,-23,-31.7,-25.4,-26.1,8.6
test1,1800,24.1973,-23,-32.3,-25.5,-26.1,8.6
test1,1800,24.308,-23,-32.7,-25.6,-26.1,8.6
test1,1800,24.4186,-23,-33.6,-25.7,-26.1,8.5
test1,1800,24.54,-23,-33.8,-25.8,-26.1,8.5
test1,1800,24.6506,-23,-33.8,-26.0,-26.1,8.5
test1,1800,24.772,-23,-33.8,-26.3,-26.2,8.5
test1,1800,24.8826,-23,-32.7,-26.6,-26.2,8.5
test1,1800,24.9933,-23,-30.7,-26.9,-26.2,8.5
test1,1800,25.1146,-23,-29.6,-27.2,-26.2,8.5
test1,1800,25.2253,-23,-29.4,-27.5,-26.2,8.5
test1,1800,25.3466,-23,-30.0,-27.8,-26.2,8.5
test1,1800,25.4573,-23,-31.8,-28.1,-26.2,8.5
test1,1800,25.568,-23,-34.3,-28.5,-26.3,8.5
test1,1800,25.6893,-23,-34.8,-28.9,-26.3,8.5
test1,1800,25.8106,-23,-34.1,-29.3,-26.3,8.5
test1,1800,25.9213,-23,-33.0,-29.7,-26.3,8.5
test1,1800,26.0426,-23,-32.3,-30.2,-26.3,8.5
test1,1800,26.1533,-23,-32.1,-30.6,-26.3,8.5
test1,1800,26.264,-23,-32.3,-31.0,-26.3,8.5
test1,1800,26.3853,-23,-33.0,-31.4,-26.4,8.5
test1,1800,26.5066,-23,-33.8,-31.7,-26.4,8.5
test1,1800,26.6173,-23,-34.3,-32.0,-26.4,8.5
test1,1800,26.728,-23,-34.4,-32.3,-26.4,8.4
test1,1800,26.8493,-23,-34.3,-32.4,-26.4,8.4
test1,1800,26.9706,-23,-33.7,-32.4,-26.4,8.4
test1,1800,27.0813,-23,-33.2,-32.5,-26.5,8.5
test1,1800,27.2026,-23,-32.8,-32.5,-26.5,8.5
test1,1800,27.3133,-23,-32.7,-32.6,-26.5,8.5
test1,1800,27.4346,-23,-32.5,-32.6,-26.5,8.5
test1,1800,27.556,-23,-32.6,-32.6,-26.5,8.5
test1,1800,27.6666,-23,-32.5,-32.6,-26.5,8.5
test1,1800,27.7773,-23,-32.2,-32.5,-26.5,8.5
test1,1800,27.8986,-23,-32.1,-32.4,-26.6,8.5
test1,1800,28.02,-23,-31.9,-32.4,-26.6,8.5
test1,1800,28.1306,-23,-31.9,-32.3,-26.6,8.5
test1,1800,28.252,-23,-32.1,-32.3,-26.6,8.5
test1,1800,28.3626,-23,-32.0,-32.3,-26.6,8.5
test1,1800,28.484,-23,-31.9,-32.6,-26.6,8.5
test1,1800,28.5946,-23,-31.4,-32.7,-26.6,8.5
test1,1800,28.7053,-23,-31.1,-32.7,-26.7,8.5
test1,1800,28.8266,-23,-31.1,-32.6,-26.7,8.5
test1,1800,28.9373,-23,-31.1,-32.4,-26.7,8.5
test1,1800,29.048,-23,-31.0,-32.3,-26.7,8.5
test1,1800,29.1586,-23,-30.9,-32.2,-26.7,8.5
test1,1800,29.2693,-23,-30.7,-32.1,-26.7,8.5
test1,1800,29.3906,-23,-30.8,-32.1,-26.7,8.5
test1,1800,29.4906,-23,-31.0,-32.1,-26.7,8.5
test1,1800,29.612,-23,-31.3,-32.0,-26.7,8.5
test1,1800,29.7333,-23,-31.6,-32.0,-26.8,8.5
test1,1800,29.844,-23,-31.6,-31.9,-26.8,8.5
test1,1800,29.9653,-23,-31.7,-31.9,-26.8,8.5
test1,1800,30.076,-23,-31.6,-31.8,-26.8,8.5
test1,1800,30.1973,-23,-31.1,-31.6,-26.8,8.5
test1,1800,30.308,-23,-30.6,-31.5,-26.8,8.5
test1,1800,30.4186,-23,-30.1,-31.4,-26.8,8.5
test1,1800,30.54,-23,-29.5,-31.2,-26.8,8.5
test1,1800,30.6613,-23,-29.1,-31.1,-26.8,8.5
test1,1800,30.772,-23,-28.9,-30.9,-26.8,8.5
test1,1800,30.8933,-23,-28.6,-30.8,-26.8,8.5
test1,1800,31.004,-23,-29.2,-30.8,-26.9,8.5